Surname,first_name
Vaguine,unset
Onyekaozulu,unset
Chiazagomekpele,unset
Fleetwood-Smith,unset
Anayolisa,unset
Barese,unset
P'eng,unset
Gotch,unset
Chienezie,unset
Chigolum,unset
Ts'ui,unset
Huguley,unset
T'ao,unset
Cavenagh,unset
Greenwalt,unset
Sagese,unset
Ch'ien,unset
Ch'eng,unset
Sturdee,unset
McEncroe,unset
Okwudiliolisa,unset
Kaodilinakachukwu,unset
Garran,unset
Chiekwugo,unset
Afamefula,unset
Rishel,unset
Yefremov,unset
Dumetochukwu,unset
Ignatieff,unset
De Bernales,unset
Connely,unset
Soubeiran,unset
Kambinachi,unset
Muravyova,unset
Chiazagomekpere,unset
Chiemenam,unset
O'Sullivan,unset
Ts'ao,unset
Taubman,unset
Ijendu,unset
Golibe,unset
Buccho,unset
Dolgorukova,unset
Ch'in,unset
Radcliffe-Brown,unset
Ts'ai,unset
Iweobiegbunam,unset
Palmerston,unset
Onyeoruru,unset
Akubundu,unset
Onio,unset
Chukwufumnanya,unset
Yobachukwu,unset
Mullawirraburka,unset
O'Brien,unset
Palerma,unset
Onyeorulu,unset
Uspensky,unset
Iroawuchi,unset
Kwemtochukwu,unset
Aksyonov,unset
Onyemachukwu,unset
Messersmith,unset
Ch'ang,unset
Pagnotto,unset
Sopuluchukwu,unset
Udinese,unset
O'Donnell,unset
Outtrim,unset
Dilke,unset
Lucciano,unset
Macgroarty,unset
Bidencope,unset
Nwebube,unset
Zetticci,unset
Napolitani,unset
Cumbrae-Stewart,unset
Lassetter,unset
Iloerika,unset
Onwuemelie,unset
Chimaijem,unset
Sievier,unset
Parry-Okeden,unset
Yermakova,unset
Highett,unset
Fanucci,unset
Lo Duca,unset
Kanayochukwu,unset
Yobanna,unset
Obidimkpa,unset
Otitodilinna,unset
Synnot,unset
Chidiegwu,unset
Yuryeva,unset
T'ang,unset
Congreve,unset
Alexeieva,unset
Mofflin,unset
Arkwookerum,unset
Mordvinova,unset
Maduabuchim,unset
Warlow-Davies,unset
De Salis,unset
Chukwujamuike,unset
Howell-Price,unset
Bellasis,unset
Verjus,unset
Chinwenma,unset
Ukaegbunam,unset
Onyemauchechukwu,unset
Otutodilinna,unset
Ojiofor,unset
T'an,unset
Kodilinyechukwu,unset
Udegbulam,unset
Goliwe,unset
Kirsova,unset
T'ien,unset
Matveyev,unset
Nnaife,unset
Gratwick,unset
Tokaryev,unset
Pickworth,unset
O'Callaghan,unset
Ndubuagha,unset
Li Fonti,unset
Disher,unset
Ebelegbulam,unset
Crace,unset
Yefremova,unset
Degtyaryov,unset
Bennelong,unset
Monaldo,unset
Chiwetelu,unset
Rischbieth,unset
Kaeppel,unset
Kellway,unset
Ozuluonye,unset
Padovesi,unset
MacDevitt,unset
Brazenor,unset
Colebatch,unset
Onyinyechukwuka,unset
Zikoranachukwudimma,unset
Butusov,unset
Ankudinova,unset
Yermolayeva,unset
Bochsa,unset
Clendinnen,unset
Muomelu,unset
Trevisano,unset
Chukwumaobim,unset
Eluemuno,unset
Ngozichukwuka,unset
Paten,unset
Pardey,unset
Carslaw,unset
Obiuto,unset
Boniwell,unset
Udobata,unset
Yevdokimova,unset
McElyea,unset
Trentino,unset
Mansom,unset
Bidwill,unset
Hysell,unset
Badgery,unset
Chizuoke,unset
Brigstocke,unset
Onyemauchechi,unset
Chiawuotu,unset
Alexeyeva,unset
Tinline,unset
Egobudike,unset
Duigan,unset
Barclay-Harvey,unset
Menkens,unset
Elewechi,unset
Dodgshun,unset
Brodney,unset
Vinogradoff,unset
Ifeajuna,unset
Solomina,unset
Chiabuotu,unset
Bearce,unset
Ch'en,unset
Nnonso,unset
Kenniff,unset
Muravyov,unset
Morres,unset
Kinlaw,unset
Collingridge de Tourcey,unset
Garnsey,unset
Chijindum,unset
Layh,unset
Anenechi,unset
Ankudinov,unset
P'an,unset
Lavrentiev,unset
Nebeuwa,unset
O'Loghlin,unset
Schoenheimer,unset
Peppin,unset
Dumolo,unset
Wetherspoon,unset
Woolacott,unset
Sopuluchi,unset
Kesteven,unset
Mault,unset
Tretiakov,unset
O'Kane,unset
Rapuokwu,unset
Seleznyov,unset
Ikedinachukwu,unset
Olisanugo,unset
Chiganu,unset
Yobachi,unset
Ch'iu,unset
Macvitie,unset
Brenan,unset
Udinesi,unset
Chukwualuka,unset
Mamelu,unset
Anenechukwu,unset
Ugonnatubelum,unset
Micklem,unset
Kegley,unset
Otutodilichukwu,unset
Golubova,unset
Chidumaga,unset
Buttenshaw,unset
Beatham,unset
Chukwuhaenye,unset
Teakle,unset
Tobeolisa,unset
Von Doussa,unset
Zikoranachidimma,unset
Goloubev,unset
Ugochukwutubelum,unset
Uspenskaya,unset
Walkom,unset
Mirams,unset
Echezonachukwu,unset
Shoobridge,unset
Evseyev,unset
Humffray,unset
Coupp,unset
Sergeyev,unset
O'Loughlin,unset
Edments,unset
Sandover,unset
Andrejew,unset
Cayley,unset
McClemans,unset
Ah Mouy,unset
Trumbull,unset
Buley,unset
Perrodin,unset
Zhirov,unset
O'Meara,unset
K'ung,unset
Krichauff,unset
Du Cane,unset
Osonduagwuike,unset
Peyser,unset
Edmund la Touche,unset
Dynon,unset
Krischock,unset
Artyomova,unset
Secombe,unset
Neitenstein,unset
Chieloka,unset
Ardis,unset
Udokamma,unset
Iweobiegbulam,unset
Caffyn,unset
Glauert,unset
Aleshire,unset
Verco,unset
Olejuru,unset
Sholes,unset
Namatjira,unset
Morphett,unset
Poninski,unset
Hayslett,unset
Kwemto,unset
Rapuluolisa,unset
Nnamutaezinwa,unset
Bogolyubov,unset
Beede,unset
Stonebraker,unset
Okwuadigbo,unset
Artemiev,unset
Madukaego,unset
Wheare,unset
Onodugoadiegbemma,unset
Pokrovsky,unset
Yevseyev,unset
Ibeamaka,unset
Sawtell,unset
Le Hunte,unset
Kenenna,unset
Langler,unset
Belstead,unset
Yermolayev,unset
Lavarack,unset
Somayina,unset
Wentcher,unset
Hopetoun,unset
Nepean,unset
D'Albertis,unset
Seppelt,unset
Nwagugheuzo,unset
Moysey,unset
Lacross,unset
Le Gallienne,unset
Bromby,unset
Aksyonova,unset
Muramats,unset
Bowhay,unset
Kamdibe,unset
Woronoff,unset
Sharwood,unset
Sargood,unset
Kosovich,unset
Marshall-Hall,unset
Tychonoff,unset
Chinwemma,unset
Praed,unset
Ibbott,unset
De Neeve,unset
Brabyn,unset
Toosey,unset
Hartzler,unset
Titheradge,unset
Daluchi,unset
Michelides,unset
Ryrie,unset
Tardent,unset
Macrossan,unset
Romilly,unset
Upjohn,unset
Wilsmore,unset
Brizendine,unset
Matveyeva,unset
Brierly,unset
Zuyev,unset
Foveaux,unset
Burdekin,unset
Chifo,unset
Hayes-Williams,unset
Fokine,unset
Despeissis,unset
Gartrell,unset
Narelle,unset
Pethard,unset
Windradyne,unset
Omeokachie,unset
Ejikemeifeuwa,unset
Ramsbotham,unset
Gadsdon,unset
Hobler,unset
Ratten,unset
Carvosso,unset
Forlonge,unset
Dulhunty,unset
Chukwuraenye,unset
Cawker,unset
Lablanc,unset
Shearston,unset
Hughes-Jones,unset
Jerger,unset
Gboliwe,unset
Gouger,unset
Edmondstone,unset
Gearheart,unset
Lockington,unset
Abron,unset
Landseer,unset
Rapuluchukwu,unset
Tudawali,unset
Unaipon,unset
Spyer,unset
Drake-Brockman,unset
Ludowici,unset
Mashman,unset
Basedow,unset
Eberegbulam,unset
Trouette,unset
Yegorov,unset
Corones,unset
Eipper,unset
Birdseye,unset
Lavrentyev,unset
Fennescey,unset
Forwood,unset
McNess,unset
Sozonov,unset
Vicars,unset
Fishbourne,unset
Seleznyova,unset
Bonwick,unset
Clogstoun,unset
Aksakova,unset
Ampt,unset
De Mestre,unset
Whiddon,unset
De Garis,unset
Yirawala,unset
Nwokezuike,unset
Menhennitt,unset
Goering,unset
Bogolyubova,unset
Zinachukwudi,unset
Zikoranaudodimma,unset
Kibby,unset
Dumetolisa,unset
Iheatu,unset
Ross-Watt,unset
Takasuka,unset
Paramor,unset
Algeranoff,unset
Balsillie,unset
Charteris,unset
Mosman,unset
Beit,unset
Mauldon,unset
Schnaars,unset
Yewen,unset
Mountgarrett,unset
Torkelson,unset
Ukaegbulam,unset
Vassiliev,unset
Steigrad,unset
Winter-Irving,unset
O'Neill,unset
Ashbolt,unset
Obielumani,unset
Rubensohn,unset
Wollstonecraft,unset
Voronoff,unset
McNaughtan,unset
O'Loghlen,unset
Howarde,unset
Simpkinson,unset
Hagins,unset
Macfarlan,unset
Yefimov,unset
Rounsevell,unset
Keldie,unset
Streeten,unset
Lanford,unset
Barling,unset
Sandefur,unset
Fyans,unset
Bancks,unset
Cambage,unset
O'Connor,unset
Whitelegge,unset
Loewenthal,unset
Aikenhead,unset
Demaine,unset
Kepley,unset
Wentworth-Shields,unset
Otitodilichukwu,unset
Chiefo,unset
Buddicom,unset
Gilleland,unset
Burfitt,unset
Suttor,unset
Quaife,unset
Mactier,unset
McGuffog,unset
To Rot,unset
Higinbotham,unset
Trevascus,unset
Maconochie,unset
Carandini,unset
Spaull,unset
Dunbabin,unset
Chimaoke,unset
Fulks,unset
O'Toole,unset
Leibius,unset
Stradford,unset
Onyenachiya,unset
Vanzetti,unset
Chifley,unset
McClaran,unset
Lampungmeiua,unset
Pettry,unset
Bufkin,unset
Norriss,unset
Vagin,unset
Pokrovskii,unset
Rearick,unset
